year,university,1_list,final_grade,since_2010,city,CCAA,covid_format_change,diff_1_list,diff_final_grade,diff_1_list_final_grade,latitude,longitude
2010,u. de lérida,11.654,11.04,True,lérida,Cataluña,0.0,,,0.614,41.81636125,1.59713745
2010,u. de gerona,11.61,11.07,True,gerona,Cataluña,0.0,,,0.54,41.9743792,2.8235429
2010,u. rovira i virgili (reus),11.708,11.142,True,reus,Cataluña,0.0,,,0.566,41.155309,1.1053273
2010,u. de zaragoza (campus huesca),12.059,11.19,True,huesca,Aragón,0.0,,,0.869,42.1414059,-0.4060896
2010,u. autónoma de barcelona,11.59,11.195,True,barcelona,Cataluña,0.0,,,0.395,41.5025932,2.080056
2010,u. de valladolid,12.29,11.204,True,valladolid,Castilla y León,0.0,,,1.086,41.6105937,-4.6916619
2010,u. de cantabria (santander),12.592,11.212,True,santander,Cantabria,0.0,,,1.38,43.4736983,-3.7859174
2010,u. de santiago de compostela,11.8,11.23,True,santiago de compostela,Galicia,0.0,,,0.57,42.88050025,-8.5457602
2010,u. de extremadura (badajoz),12.5,11.236,True,badajoz,Extremadura,0.0,,,1.264,38.8824069,-7.0194457
2010,u. de cádiz,12.12,11.286,True,cádiz,Andalucía,0.0,,,0.834,36.5340199,-6.3018987
2010,u. pompeu fabra (barcelona),11.976,11.328,True,barcelona,Cataluña,0.0,,,0.648,41.37921475,2.17941527
2010,u. de barcelona-clínico,12.04,11.35,True,barcelona,Cataluña,0.0,,,0.69,41.39017434,2.15212588
2010,u. de salamanca,12.564,11.37,True,salamanca,Castilla y León,0.0,,,1.194,40.9666432,-5.6772757
2010,u. de zaragoza (campus zaragoza),12.185,11.39,True,zaragoza,Aragón,0.0,,,0.795,41.6421312,-0.90302271
2010,u. de c-la mancha (campus c.real),12.343,11.478,True,ciudad real,Castilla-La Mancha,0.0,,,0.865,38.9918372,-3.9268263
2010,u. de córdoba,12.295,11.496,True,córdoba,Andalucía,0.0,,,0.799,37.8560421,-4.8134452
2010,u. del país vasco (lejona),11.922,11.503,True,bilbao,País Vasco,0.0,,,0.419,43.3359821,-2.9768285
2010,u. de c-la mancha (campus albacete),12.246,11.53,True,albacete,Castilla-La Mancha,0.0,,,0.716,38.4527362,-2.05363374
2010,u. de sevilla,12.272,11.559,True,sevilla,Andalucía,0.0,,,0.713,37.4128557,-5.9845606
2010,u. miguel hernández (s. juan de alicante),12.216,11.584,True,alicante,C. Valenciana,0.0,,,0.632,38.39896277,-0.43477806
2010,u. de alcalá,11.862,11.631,True,alcalá,C. Madrid,0.0,,,0.231,40.4818396,-3.3644973
2010,u. de málaga,12.225,11.645,True,málaga,Andalucía,0.0,,,0.58,36.7200431,-4.41617939
2010,u. de murcia,12.388,11.666,True,murcia,Murcia,0.0,,,0.722,37.99109245,-1.13010405
2010,u. de la laguna,12.2,11.68,True,la laguna,Canarias,0.0,,,0.52,28.4852475,-16.3126059
2010,urjc - campus alcorcón,11.867,11.7,True,madrid,C. Madrid,0.0,,,0.167,40.3506324,-3.8437926
2010,u. de valencia,12.247,11.732,True,valencia,C. Valenciana,0.0,,,0.515,39.4786642,-0.3627246
2010,u. autónoma de madrid,12.036,11.84,True,madrid,C. Madrid,0.0,,,0.196,40.4832261,-3.6972262
2010,u. de las palmas,12.312,11.849,True,las palmas,Canarias,0.0,,,0.463,28.09055808,-15.41890014
2010,u. de granada,12.503,11.959,True,granada,Andalucía,0.0,,,0.544,37.1474408,-3.6042349
2010,u. complutense de madrid,12.189,12.022,True,madrid,C. Madrid,0.0,,,0.167,40.4437398,-3.72614639
2010,u. de oviedo,12.579,12.088,True,oviedo,Asturias,0.0,,,0.491,43.3533657,-5.8687712
2011,u. de gerona,11.619,11.26,True,gerona,Cataluña,0.0,0.009,0.19,0.359,41.9743792,2.8235429
2011,u. de lérida,11.65,11.316,True,lérida,Cataluña,0.0,-0.004,0.276,0.334,41.81636125,1.59713745
2011,u. del país vasco (lejona),11.747,11.346,True,bilbao,País Vasco,0.0,-0.175,-0.157,0.401,43.3359821,-2.9768285
2011,u. rovira i virgili (reus),11.786,11.406,True,reus,Cataluña,0.0,0.078,0.264,0.38,41.155309,1.1053273
2011,u. autónoma de barcelona,11.726,11.482,True,barcelona,Cataluña,0.0,0.136,0.287,0.244,41.5025932,2.080056
2011,u. de zaragoza (campus huesca),12.02,11.587,True,huesca,Aragón,0.0,-0.039,0.397,0.433,42.1414059,-0.4060896
2011,u. de santiago de compostela,12.014,11.598,True,santiago de compostela,Galicia,0.0,0.214,0.368,0.416,42.88050025,-8.5457602
2011,u. de cantabria (santander),12.437,11.632,True,santander,Cantabria,0.0,-0.155,0.42,0.805,43.4736983,-3.7859174
2011,u. pompeu fabra (barcelona),12.04,11.714,True,barcelona,Cataluña,0.0,0.064,0.386,0.326,41.37921475,2.17941527
2011,u. de zaragoza (campus zaragoza),12.134,11.725,True,zaragoza,Aragón,0.0,-0.051,0.335,0.409,41.6421312,-0.90302271
2011,u. jaume i,12.332,11.73,True,castellon de la plana,C. Valenciana,0.0,,,0.602,39.9899483,-0.0664218
2011,u. de extremadura (badajoz),12.565,11.758,True,badajoz,Extremadura,0.0,0.065,0.522,0.807,38.8824069,-7.0194457
2011,u. de valladolid,12.156,11.79,True,valladolid,Castilla y León,0.0,-0.134,0.586,0.366,41.6105937,-4.6916619
2011,u. de barcelona-clínico,12.158,11.867,True,barcelona,Cataluña,0.0,0.118,0.517,0.291,41.39017434,2.15212588
2011,u. de salamanca,12.2,11.867,True,salamanca,Castilla y León,0.0,-0.364,0.497,0.333,40.9666432,-5.6772757
2011,u. de cádiz,12.366,11.921,True,cádiz,Andalucía,0.0,0.246,0.635,0.445,36.5340199,-6.3018987
2011,u. de c-la mancha (campus albacete),12.36,11.964,True,albacete,Castilla-La Mancha,0.0,0.114,0.434,0.396,38.4527362,-2.05363374
2011,u. de la laguna,12.42,11.977,True,la laguna,Canarias,0.0,0.22,0.297,0.443,28.4852475,-16.3126059
2011,u. de valencia,12.41,11.986,True,valencia,C. Valenciana,0.0,0.163,0.254,0.424,39.4786642,-0.3627246
2011,u. de murcia,12.602,11.987,True,murcia,Murcia,0.0,0.214,0.321,0.615,37.99109245,-1.13010405
2011,u. de sevilla,12.451,12.022,True,sevilla,Andalucía,0.0,0.179,0.463,0.429,37.4128557,-5.9845606
2011,u. miguel hernández (s. juan de alicante),12.52,12.022,True,alicante,C. Valenciana,0.0,0.304,0.438,0.498,38.39896277,-0.43477806
2011,u. de alcalá,12.125,12.023,True,alcalá,C. Madrid,0.0,0.263,0.392,0.102,40.4818396,-3.3644973
2011,u. de c-la mancha (campus c.real),12.4,12.04,True,ciudad real,Castilla-La Mancha,0.0,0.057,0.562,0.36,38.9918372,-3.9268263
2011,urjc - campus alcorcón,12.143,12.064,True,madrid,C. Madrid,0.0,0.276,0.364,0.079,40.3506324,-3.8437926
2011,u. de córdoba,12.556,12.172,True,córdoba,Andalucía,0.0,0.261,0.676,0.384,37.8560421,-4.8134452
2011,u. de las palmas,12.411,12.195,True,las palmas,Canarias,0.0,0.099,0.346,0.216,28.09055808,-15.41890014
2011,u. autónoma de madrid,12.308,12.2,True,madrid,C. Madrid,0.0,0.272,0.36,0.108,40.4832261,-3.6972262
2011,u. de málaga,12.55,12.204,True,málaga,Andalucía,0.0,0.325,0.559,0.346,36.7200431,-4.41617939
2011,u. de oviedo,12.692,12.292,True,oviedo,Asturias,0.0,0.113,0.204,0.4,43.3533657,-5.8687712
2011,u. complutense de madrid,12.469,12.354,True,madrid,C. Madrid,0.0,0.28,0.332,0.115,40.4437398,-3.72614639
2011,u. de granada,12.79,12.36,True,granada,Andalucía,0.0,0.287,0.401,0.43,37.1474408,-3.6042349
2012,u. rovira i virgili (reus),12.02,11.668,True,reus,Cataluña,0.0,0.234,0.262,0.352,41.155309,1.1053273
2012,u. de gerona,11.946,11.672,True,gerona,Cataluña,0.0,0.327,0.412,0.274,41.9743792,2.8235429
2012,u. de lérida,11.944,11.68,True,lérida,Cataluña,0.0,0.294,0.364,0.264,41.81636125,1.59713745
2012,u. autónoma de barcelona,12.022,11.765,True,barcelona,Cataluña,0.0,0.296,0.283,0.257,41.5025932,2.080056
2012,u. de santiago de compostela,12.179,11.78,True,santiago de compostela,Galicia,0.0,0.165,0.182,0.399,42.88050025,-8.5457602
2012,u. de zaragoza (campus huesca),12.268,11.796,True,huesca,Aragón,0.0,0.248,0.209,0.472,42.1414059,-0.4060896
2012,u. de barcelona-clínico,12.332,11.8,True,barcelona,Cataluña,0.0,0.174,-0.067,0.532,41.39017434,2.15212588
2012,u. pompeu fabra (barcelona),12.242,11.808,True,barcelona,Cataluña,0.0,0.202,0.094,0.434,41.37921475,2.17941527
2012,u. de cantabria (santander),12.504,11.81,True,santander,Cantabria,0.0,0.067,0.178,0.694,43.4736983,-3.7859174
2012,u. del país vasco (lejona),12.119,11.83,True,bilbao,País Vasco,0.0,0.372,0.484,0.289,43.3359821,-2.9768285
2012,u. de valladolid,12.31,11.872,True,valladolid,Castilla y León,0.0,0.154,0.082,0.438,41.6105937,-4.6916619
2012,u. de zaragoza (campus zaragoza),12.376,11.906,True,zaragoza,Aragón,0.0,0.242,0.181,0.47,41.6421312,-0.90302271
2012,u. jaume i,12.44,11.944,True,castellon de la plana,C. Valenciana,0.0,0.108,0.214,0.496,39.9899483,-0.0664218
2012,u. de extremadura (badajoz),12.4,11.95,True,badajoz,Extremadura,0.0,-0.165,0.192,0.45,38.8824069,-7.0194457
2012,u. de salamanca,12.37,11.957,True,salamanca,Castilla y León,0.0,0.17,0.09,0.413,40.9666432,-5.6772757
2012,u. de cádiz,12.424,12.01,True,cádiz,Andalucía,0.0,0.058,0.089,0.414,36.5340199,-6.3018987
2012,u. de la laguna,12.57,12.053,True,la laguna,Canarias,0.0,0.15,0.076,0.517,28.4852475,-16.3126059
2012,u. de c-la mancha (campus c.real),12.458,12.068,True,ciudad real,Castilla-La Mancha,0.0,0.058,0.028,0.39,38.9918372,-3.9268263
2012,urjc - campus alcorcón,12.189,12.107,True,madrid,C. Madrid,0.0,0.046,0.043,0.082,40.3506324,-3.8437926
2012,u. de c-la mancha (campus albacete),12.456,12.115,True,albacete,Castilla-La Mancha,0.0,0.096,0.151,0.341,38.4527362,-2.05363374
2012,u. miguel hernández (s. juan de alicante),12.526,12.131,True,alicante,C. Valenciana,0.0,0.006,0.109,0.395,38.39896277,-0.43477806
2012,u. de sevilla,12.503,12.136,True,sevilla,Andalucía,0.0,0.052,0.114,0.367,37.4128557,-5.9845606
2012,u. de alcalá,12.229,12.178,True,alcalá,C. Madrid,0.0,0.104,0.155,0.051,40.4818396,-3.3644973
2012,u. de las palmas,12.429,12.178,True,las palmas,Canarias,0.0,0.018,-0.017,0.251,28.09055808,-15.41890014
2012,u. de valencia,12.546,12.182,True,valencia,C. Valenciana,0.0,0.136,0.196,0.364,39.4786642,-0.3627246
2012,u. de córdoba,12.555,12.196,True,córdoba,Andalucía,0.0,-0.001,0.024,0.359,37.8560421,-4.8134452
2012,u. de málaga,12.554,12.197,True,málaga,Andalucía,0.0,0.004,-0.007,0.357,36.7200431,-4.41617939
2012,u. de oviedo,12.692,12.226,True,oviedo,Asturias,0.0,0.0,-0.066,0.466,43.3533657,-5.8687712
2012,u. de murcia,12.808,12.29,True,murcia,Murcia,0.0,0.206,0.303,0.518,37.99109245,-1.13010405
2012,u. autónoma de madrid,12.424,12.3,True,madrid,C. Madrid,0.0,0.116,0.1,0.124,40.4832261,-3.6972262
2012,u. de granada,12.822,12.449,True,granada,Andalucía,0.0,0.032,0.089,0.373,37.1474408,-3.6042349
2012,u. complutense de madrid,12.499,12.499,True,madrid,C. Madrid,0.0,0.03,0.145,0.0,40.4437398,-3.72614639
2013,u. de lérida,12.0,11.73,True,lérida,Cataluña,0.0,0.056,0.05,0.27,41.81636125,1.59713745
2013,u. rovira i virgili (reus),12.013,11.752,True,reus,Cataluña,0.0,-0.007,0.084,0.261,41.155309,1.1053273
2013,u. de gerona,11.99,11.753,True,gerona,Cataluña,0.0,0.044,0.081,0.237,41.9743792,2.8235429
2013,u. autónoma de barcelona,12.086,11.851,True,barcelona,Cataluña,0.0,0.064,0.086,0.235,41.5025932,2.080056
2013,u. de zaragoza (campus huesca),12.352,11.852,True,huesca,Aragón,0.0,0.084,0.056,0.5,42.1414059,-0.4060896
2013,u. de cantabria (santander),12.54,11.892,True,santander,Cantabria,0.0,0.036,0.082,0.648,43.4736983,-3.7859174
2013,u. pompeu fabra (barcelona),12.342,11.9,True,barcelona,Cataluña,0.0,0.1,0.092,0.442,41.37921475,2.17941527
2013,u. de zaragoza (campus zaragoza),12.425,11.905,True,zaragoza,Aragón,0.0,0.049,-0.001,0.52,41.6421312,-0.90302271
2013,u. de valladolid,12.325,11.912,True,valladolid,Castilla y León,0.0,0.015,0.04,0.413,41.6105937,-4.6916619
2013,u. del país vasco (lejona),12.079,11.914,True,bilbao,País Vasco,0.0,-0.04,0.084,0.165,43.3359821,-2.9768285
2013,u. jaume i,12.334,11.931,True,castellon de la plana,C. Valenciana,0.0,-0.106,-0.013,0.403,39.9899483,-0.0664218
2013,u. de santiago de compostela,12.268,11.951,True,santiago de compostela,Galicia,0.0,0.089,0.171,0.317,42.88050025,-8.5457602
2013,u. de salamanca,12.381,11.999,True,salamanca,Castilla y León,0.0,0.011,0.042,0.382,40.9666432,-5.6772757
2013,u. de extremadura (badajoz),12.452,12.028,True,badajoz,Extremadura,0.0,0.052,0.078,0.424,38.8824069,-7.0194457
2013,u. de cádiz,12.455,12.056,True,cádiz,Andalucía,0.0,0.031,0.046,0.399,36.5340199,-6.3018987
2013,u. de barcelona-clínico,12.408,12.089,True,barcelona,Cataluña,0.0,0.076,0.289,0.319,41.39017434,2.15212588
2013,u. de c-la mancha (campus c.real),12.505,12.1,True,ciudad real,Castilla-La Mancha,0.0,0.047,0.032,0.405,38.9918372,-3.9268263
2013,u. de alcalá,12.396,12.1,True,alcalá,C. Madrid,0.0,0.167,-0.078,0.296,40.4818396,-3.3644973
2013,u. miguel hernández (s. juan de alicante),12.43,12.103,True,alicante,C. Valenciana,0.0,-0.096,-0.028,0.327,38.39896277,-0.43477806
2013,u. de la laguna,12.48,12.123,True,la laguna,Canarias,0.0,-0.09,0.07,0.357,28.4852475,-16.3126059
2013,urjc - campus alcorcón,12.343,12.136,True,madrid,C. Madrid,0.0,0.154,0.029,0.207,40.3506324,-3.8437926
2013,u. de valencia,12.523,12.146,True,valencia,C. Valenciana,0.0,-0.023,-0.036,0.377,39.4786642,-0.3627246
2013,u. de c-la mancha (campus albacete),12.558,12.17,True,albacete,Castilla-La Mancha,0.0,0.102,0.055,0.388,38.4527362,-2.05363374
2013,u. de córdoba,12.538,12.233,True,córdoba,Andalucía,0.0,-0.017,0.037,0.305,37.8560421,-4.8134452
2013,u. de sevilla,12.537,12.258,True,sevilla,Andalucía,0.0,0.034,0.122,0.279,37.4128557,-5.9845606
2013,u. de las palmas,12.592,12.26,True,las palmas,Canarias,0.0,0.163,0.082,0.332,28.09055808,-15.41890014
2013,u. de málaga,12.627,12.307,True,málaga,Andalucía,0.0,0.073,0.11,0.32,36.7200431,-4.41617939
2013,u. de murcia,12.743,12.346,True,murcia,Murcia,0.0,-0.065,0.056,0.397,37.99109245,-1.13010405
2013,u. autónoma de madrid,12.558,12.429,True,madrid,C. Madrid,0.0,0.134,0.129,0.129,40.4832261,-3.6972262
2013,u. complutense de madrid,12.571,12.435,True,madrid,C. Madrid,0.0,0.072,-0.064,0.136,40.4437398,-3.72614639
2013,u. de oviedo,12.694,12.458,True,oviedo,Asturias,0.0,0.002,0.232,0.236,43.3533657,-5.8687712
2013,u. de granada,12.764,12.516,True,granada,Andalucía,0.0,-0.058,0.067,0.248,37.1474408,-3.6042349
2014,u. de lérida,12.044,11.907,True,lérida,Cataluña,0.0,0.044,0.177,0.137,41.81636125,1.59713745
2014,u. de gerona,12.058,11.919,True,gerona,Cataluña,0.0,0.068,0.166,0.139,41.9743792,2.8235429
2014,u. rovira i virgili (reus),12.042,11.968,True,reus,Cataluña,0.0,0.029,0.216,0.074,41.155309,1.1053273
2014,u. del país vasco (lejona),12.111,12.023,True,bilbao,País Vasco,0.0,0.032,0.109,0.088,43.3359821,-2.9768285
2014,u. de zaragoza (campus huesca),12.276,12.032,True,huesca,Aragón,0.0,-0.076,0.18,0.244,42.1414059,-0.4060896
2014,u. autónoma de barcelona,12.152,12.063,True,barcelona,Cataluña,0.0,0.066,0.212,0.089,41.5025932,2.080056
2014,u. de zaragoza (campus zaragoza),12.4,12.053,True,zaragoza,Aragón,0.0,-0.025,0.148,0.347,41.6421312,-0.90302271
2014,u. de cantabria (santander),12.54,12.068,True,santander,Cantabria,0.0,0.0,0.176,0.472,43.4736983,-3.7859174
2014,u. de valladolid,12.312,12.09,True,valladolid,Castilla y León,0.0,-0.013,0.178,0.222,41.6105937,-4.6916619
2014,u. de santiago de compostela,12.332,12.102,True,santiago de compostela,Galicia,0.0,0.064,0.151,0.23,42.88050025,-8.5457602
2014,u. de salamanca,12.413,12.107,True,salamanca,Castilla y León,0.0,0.032,0.108,0.306,40.9666432,-5.6772757
2014,u. jaume i,12.422,12.118,True,castellon de la plana,C. Valenciana,0.0,0.088,0.187,0.304,39.9899483,-0.0664218
2014,u. de c-la mancha (campus c.real),12.53,12.156,True,ciudad real,Castilla-La Mancha,0.0,0.025,0.056,0.374,38.9918372,-3.9268263
2014,u. de c-la mancha (campus albacete),12.56,12.19,True,albacete,Castilla-La Mancha,0.0,0.002,0.02,0.37,38.4527362,-2.05363374
2014,urjc - campus alcorcón,12.382,12.285,True,madrid,C. Madrid,0.0,0.039,0.149,0.097,40.3506324,-3.8437926
2014,u. pompeu fabra (barcelona),12.356,12.288,True,barcelona,Cataluña,0.0,0.014,0.388,0.068,41.37921475,2.17941527
2014,u. miguel hernández (s. juan de alicante),12.514,12.304,True,alicante,C. Valenciana,0.0,0.084,0.201,0.21,38.39896277,-0.43477806
2014,u. de extremadura (badajoz),12.682,12.306,True,badajoz,Extremadura,0.0,0.23,0.278,0.376,38.8824069,-7.0194457
2014,u. de cádiz,12.603,12.35,True,cádiz,Andalucía,0.0,0.148,0.294,0.253,36.5340199,-6.3018987
2014,u. de valencia,12.656,12.356,True,valencia,C. Valenciana,0.0,0.133,0.21,0.3,39.4786642,-0.3627246
2014,u. de alcalá,12.422,12.376,True,alcalá,C. Madrid,0.0,0.026,0.276,0.046,40.4818396,-3.3644973
2014,u. de murcia,12.854,12.389,True,murcia,Murcia,0.0,0.111,0.043,0.465,37.99109245,-1.13010405
2014,u. de barcelona-clínico,12.46,12.394,True,barcelona,Cataluña,0.0,0.052,0.305,0.066,41.39017434,2.15212588
2014,u. de oviedo,12.692,12.408,True,oviedo,Asturias,0.0,-0.002,-0.05,0.284,43.3533657,-5.8687712
2014,u. de sevilla,12.653,12.44,True,sevilla,Andalucía,0.0,0.116,0.182,0.213,37.4128557,-5.9845606
2014,u. de córdoba,12.683,12.466,True,córdoba,Andalucía,0.0,0.145,0.233,0.217,37.8560421,-4.8134452
2014,u. de málaga,12.72,12.473,True,málaga,Andalucía,0.0,0.093,0.166,0.247,36.7200431,-4.41617939
2014,u. de las palmas,12.78,12.509,True,las palmas,Canarias,0.0,0.188,0.249,0.271,28.09055808,-15.41890014
2014,u. autónoma de madrid,12.652,12.558,True,madrid,C. Madrid,0.0,0.094,0.129,0.094,40.4832261,-3.6972262
2014,u. de la laguna,12.793,12.58,True,la laguna,Canarias,0.0,0.313,0.457,0.213,28.4852475,-16.3126059
2014,u. complutense de madrid,12.617,12.615,True,madrid,C. Madrid,0.0,0.046,0.18,0.002,40.4437398,-3.72614639
2014,u. de granada,12.933,12.697,True,granada,Andalucía,0.0,0.169,0.181,0.236,37.1474408,-3.6042349
2015,u. de lérida,12.266,12.101,True,lérida,Cataluña,0.0,0.222,0.194,0.165,41.81636125,1.59713745
2015,u. rovira i virgili (reus),12.236,12.108,True,reus,Cataluña,0.0,0.194,0.14,0.128,41.155309,1.1053273
2015,u. de cantabria (santander),12.572,12.178,True,santander,Cantabria,0.0,0.032,0.11,0.394,43.4736983,-3.7859174
2015,u. de santiago de compostela,12.332,12.178,True,santiago de compostela,Galicia,0.0,0.0,0.076,0.154,42.88050025,-8.5457602
2015,u. de gerona,12.242,12.182,True,gerona,Cataluña,0.0,0.184,0.263,0.06,41.9743792,2.8235429
2015,u. del país vasco (lejona),12.268,12.22,True,bilbao,País Vasco,0.0,0.157,0.197,0.048,43.3359821,-2.9768285
2015,u. de zaragoza (campus huesca),12.456,12.234,True,huesca,Aragón,0.0,0.18,0.202,0.222,42.1414059,-0.4060896
2015,u. de salamanca,12.498,12.241,True,salamanca,Castilla y León,0.0,0.085,0.134,0.257,40.9666432,-5.6772757
2015,u. de valladolid,12.44,12.307,True,valladolid,Castilla y León,0.0,0.128,0.217,0.133,41.6105937,-4.6916619
2015,u. jaume i,12.574,12.32,True,castellon de la plana,C. Valenciana,0.0,0.152,0.202,0.254,39.9899483,-0.0664218
2015,u. de oviedo,12.618,12.342,True,oviedo,Asturias,0.0,-0.074,-0.066,0.276,43.3533657,-5.8687712
2015,u. de extremadura (badajoz),12.84,12.36,True,badajoz,Extremadura,0.0,0.158,0.054,0.48,38.8824069,-7.0194457
2015,u. autónoma de barcelona,12.394,12.364,True,barcelona,Cataluña,0.0,0.242,0.301,0.03,41.5025932,2.080056
2015,u. de zaragoza (campus zaragoza),12.547,12.404,True,zaragoza,Aragón,0.0,0.147,0.351,0.143,41.6421312,-0.90302271
2015,u. de c-la mancha (campus albacete),12.694,12.424,True,albacete,Castilla-La Mancha,0.0,0.134,0.234,0.27,38.4527362,-2.05363374
2015,u. de c-la mancha (campus c.real),12.678,12.433,True,ciudad real,Castilla-La Mancha,0.0,0.148,0.277,0.245,38.9918372,-3.9268263
2015,u. miguel hernández (s. juan de alicante),12.644,12.438,True,alicante,C. Valenciana,0.0,0.13,0.134,0.206,38.39896277,-0.43477806
2015,urjc - campus alcorcón,12.536,12.455,True,madrid,C. Madrid,0.0,0.154,0.17,0.081,40.3506324,-3.8437926
2015,u. de alcalá,12.543,12.472,True,alcalá,C. Madrid,0.0,0.121,0.096,0.071,40.4818396,-3.3644973
2015,u. de cádiz,12.719,12.482,True,cádiz,Andalucía,0.0,0.116,0.132,0.237,36.5340199,-6.3018987
2015,u. de valencia,12.774,12.514,True,valencia,C. Valenciana,0.0,0.118,0.158,0.26,39.4786642,-0.3627246
2015,u. de córdoba,12.736,12.569,True,córdoba,Andalucía,0.0,0.053,0.103,0.167,37.8560421,-4.8134452
2015,u. de la laguna,12.854,12.58,True,la laguna,Canarias,0.0,0.061,0.0,0.274,28.4852475,-16.3126059
2015,u. pompeu fabra (barcelona),12.632,12.598,True,barcelona,Cataluña,0.0,0.276,0.31,0.034,41.37921475,2.17941527
2015,u. de málaga,12.766,12.606,True,málaga,Andalucía,0.0,0.046,0.133,0.16,36.7200431,-4.41617939
2015,u. de barcelona-clínico,12.698,12.642,True,barcelona,Cataluña,0.0,0.238,0.248,0.056,41.39017434,2.15212588
2015,u. de sevilla,12.798,12.645,True,sevilla,Andalucía,0.0,0.145,0.205,0.153,37.4128557,-5.9845606
2015,u. autónoma de madrid,12.819,12.651,True,madrid,C. Madrid,0.0,0.167,0.093,0.168,40.4832261,-3.6972262
2015,u. de murcia,12.95,12.661,True,murcia,Murcia,0.0,0.096,0.272,0.289,37.99109245,-1.13010405
2015,u. de granada,12.947,12.669,True,granada,Andalucía,0.0,0.014,-0.028,0.278,37.1474408,-3.6042349
2015,u. complutense de madrid,12.697,12.697,True,madrid,C. Madrid,0.0,0.08,0.082,0.0,40.4437398,-3.72614639
2015,u. de las palmas,12.839,12.791,True,las palmas,Canarias,0.0,0.059,0.282,0.048,28.09055808,-15.41890014
2016,u. de lérida,12.305,12.124,True,lérida,Cataluña,0.0,0.039,0.023,0.181,41.81636125,1.59713745
2016,u. de las islas baleares,12.534,12.144,True,palma de mallorca,Islas Baleares,0.0,,,0.39,39.60701435,2.64475448
2016,u. de gerona,12.303,12.168,True,gerona,Cataluña,0.0,0.061,-0.014,0.135,41.9743792,2.8235429
2016,u. rovira i virgili (reus),12.296,12.164,True,reus,Cataluña,0.0,0.06,0.056,0.132,41.155309,1.1053273
2016,u. autónoma de barcelona,12.348,12.185,True,barcelona,Cataluña,0.0,-0.046,-0.179,0.163,41.5025932,2.080056
2016,u. de barcelona-clínico,12.621,12.196,True,barcelona,Cataluña,0.0,-0.077,-0.446,0.425,41.39017434,2.15212588
2016,u. de zaragoza (campus huesca),12.588,12.236,True,huesca,Aragón,0.0,0.132,0.002,0.352,42.1414059,-0.4060896
2016,u. pompeu fabra (barcelona),12.62,12.264,True,barcelona,Cataluña,0.0,-0.012,-0.334,0.356,41.37921475,2.17941527
2016,u. de santiago de compostela,12.61,12.278,True,santiago de compostela,Galicia,0.0,0.278,0.1,0.332,42.88050025,-8.5457602
2016,u. de cantabria (santander),12.726,12.298,True,santander,Cantabria,0.0,0.154,0.12,0.428,43.4736983,-3.7859174
2016,u. de valladolid,12.592,12.3,True,valladolid,Castilla y León,0.0,0.152,-0.007,0.292,41.6105937,-4.6916619
2016,u. de salamanca,12.713,12.354,True,salamanca,Castilla y León,0.0,0.215,0.113,0.359,40.9666432,-5.6772757
2016,u. jaume i,12.754,12.376,True,castellon de la plana,C. Valenciana,0.0,0.18,0.056,0.378,39.9899483,-0.0664218
2016,u. de zaragoza (campus zaragoza),12.683,12.382,True,zaragoza,Aragón,0.0,0.136,-0.022,0.301,41.6421312,-0.90302271
2016,u. del país vasco (lejona),12.444,12.392,True,bilbao,País Vasco,0.0,0.176,0.172,0.052,43.3359821,-2.9768285
2016,u. de oviedo,12.762,12.404,True,oviedo,Asturias,0.0,0.144,0.062,0.358,43.3533657,-5.8687712
2016,urjc - campus alcorcón,12.62,12.451,True,madrid,C. Madrid,0.0,0.084,-0.004,0.169,40.3506324,-3.8437926
2016,u. miguel hernández (s. juan de alicante),12.848,12.501,True,alicante,C. Valenciana,0.0,0.204,0.063,0.347,38.39896277,-0.43477806
2016,u. de c-la mancha (campus c.real),12.749,12.517,True,ciudad real,Castilla-La Mancha,0.0,0.071,0.084,0.232,38.9918372,-3.9268263
2016,u. de c-la mancha (campus albacete),12.768,12.525,True,albacete,Castilla-La Mancha,0.0,0.074,0.101,0.243,38.4527362,-2.05363374
2016,u. de extremadura (badajoz),13.082,12.532,True,badajoz,Extremadura,0.0,0.242,0.172,0.55,38.8824069,-7.0194457
2016,u. de alcalá,12.575,12.532,True,alcalá,C. Madrid,0.0,0.032,0.06,0.043,40.4818396,-3.3644973
2016,u. de cádiz,12.831,12.55,True,cádiz,Andalucía,0.0,0.112,0.068,0.281,36.5340199,-6.3018987
2016,u. de valencia,12.856,12.584,True,valencia,C. Valenciana,0.0,0.082,0.07,0.272,39.4786642,-0.3627246
2016,u. complutense de madrid,12.742,12.599,True,madrid,C. Madrid,0.0,0.045,-0.098,0.143,40.4437398,-3.72614639
2016,u. de la laguna,12.888,12.603,True,la laguna,Canarias,0.0,0.034,0.023,0.285,28.4852475,-16.3126059
2016,u. de málaga,12.878,12.665,True,málaga,Andalucía,0.0,0.112,0.059,0.213,36.7200431,-4.41617939
2016,u. de córdoba,12.874,12.684,True,córdoba,Andalucía,0.0,0.138,0.115,0.19,37.8560421,-4.8134452
2016,u. autónoma de madrid,12.843,12.686,True,madrid,C. Madrid,0.0,0.024,0.035,0.157,40.4832261,-3.6972262
2016,u. de granada,13.048,12.772,True,granada,Andalucía,0.0,0.101,0.103,0.276,37.1474408,-3.6042349
2016,u. de murcia,13.046,12.775,True,murcia,Murcia,0.0,0.096,0.114,0.271,37.99109245,-1.13010405
2016,u. de sevilla,12.97,12.784,True,sevilla,Andalucía,0.0,0.172,0.139,0.186,37.4128557,-5.9845606
2016,u. de las palmas,12.978,12.786,True,las palmas,Canarias,0.0,0.139,-0.005,0.192,28.09055808,-15.41890014
2017,u. rovira i virgili (reus),12.346,12.08,True,reus,Cataluña,0.0,0.05,-0.084,0.266,41.155309,1.1053273
2017,u. de lérida,12.311,12.11,True,lérida,Cataluña,0.0,0.006,-0.014,0.201,41.81636125,1.59713745
2017,u. de las islas baleares,12.744,12.112,True,palma de mallorca,Islas Baleares,0.0,0.21,-0.032,0.632,39.60701435,2.64475448
2017,u. de gerona,12.31,12.14,True,gerona,Cataluña,0.0,0.007,-0.028,0.17,41.9743792,2.8235429
2017,u. de cantabria (santander),12.708,12.183,True,santander,Cantabria,0.0,-0.018,-0.115,0.525,43.4736983,-3.7859174
2017,u. autónoma de barcelona,12.365,12.202,True,barcelona,Cataluña,0.0,0.017,0.017,0.163,41.5025932,2.080056
2017,u. de valladolid,12.565,12.21,True,valladolid,Castilla y León,0.0,-0.027,-0.09,0.355,41.6105937,-4.6916619
2017,u. de extremadura (badajoz),12.906,12.236,True,badajoz,Extremadura,0.0,-0.176,-0.296,0.67,38.8824069,-7.0194457
2017,u. de santiago de compostela,12.575,12.286,True,santiago de compostela,Galicia,0.0,-0.035,0.008,0.289,42.88050025,-8.5457602
2017,u. de zaragoza (campus huesca),12.589,12.301,True,huesca,Aragón,0.0,0.001,0.065,0.288,42.1414059,-0.4060896
2017,u. de salamanca,12.655,12.321,True,salamanca,Castilla y León,0.0,-0.058,-0.033,0.334,40.9666432,-5.6772757
2017,u. del país vasco (lejona),12.4,12.331,True,bilbao,País Vasco,0.0,-0.044,-0.061,0.069,43.3359821,-2.9768285
2017,u. de barcelona-clínico,12.639,12.362,True,barcelona,Cataluña,0.0,0.018,0.166,0.277,41.39017434,2.15212588
2017,u. de c-la mancha (campus c.real),12.745,12.365,True,ciudad real,Castilla-La Mancha,0.0,-0.004,-0.152,0.38,38.9918372,-3.9268263
2017,u. de oviedo,12.84,12.37,True,oviedo,Asturias,0.0,0.078,-0.034,0.47,43.3533657,-5.8687712
2017,u. pompeu fabra (barcelona),12.84,12.422,True,barcelona,Cataluña,0.0,0.22,0.158,0.418,41.37921475,2.17941527
2017,u. de c-la mancha (campus albacete),12.801,12.45,True,albacete,Castilla-La Mancha,0.0,0.033,-0.075,0.351,38.4527362,-2.05363374
2017,u. de zaragoza (campus zaragoza),12.695,12.45,True,zaragoza,Aragón,0.0,0.012,0.068,0.245,41.6421312,-0.90302271
2017,u. jaume i,12.78,12.464,True,castellon de la plana,C. Valenciana,0.0,0.026,0.088,0.316,39.9899483,-0.0664218
2017,u. de cádiz,12.795,12.483,True,cádiz,Andalucía,0.0,-0.036,-0.067,0.312,36.5340199,-6.3018987
2017,u. de la laguna,12.931,12.547,True,la laguna,Canarias,0.0,0.043,-0.056,0.384,28.4852475,-16.3126059
2017,u. de córdoba,12.873,12.623,True,córdoba,Andalucía,0.0,-0.001,-0.061,0.25,37.8560421,-4.8134452
2017,u. miguel hernández (s. juan de alicante),12.851,12.624,True,alicante,C. Valenciana,0.0,0.003,0.123,0.227,38.39896277,-0.43477806
2017,u. de málaga,12.856,12.631,True,málaga,Andalucía,0.0,-0.022,-0.034,0.225,36.7200431,-4.41617939
2017,u. de las palmas,12.924,12.656,True,las palmas,Canarias,0.0,-0.054,-0.13,0.268,28.09055808,-15.41890014
2017,u. de valencia,12.99,12.664,True,valencia,C. Valenciana,0.0,0.134,0.08,0.326,39.4786642,-0.3627246
2017,urjc - campus alcorcón,12.793,12.693,True,madrid,C. Madrid,0.0,0.173,0.242,0.1,40.3506324,-3.8437926
2017,u. de sevilla,12.921,12.725,True,sevilla,Andalucía,0.0,-0.049,-0.059,0.196,37.4128557,-5.9845606
2017,u. de alcalá,12.747,12.743,True,alcalá,C. Madrid,0.0,0.172,0.211,0.004,40.4818396,-3.3644973
2017,u. de granada,13.026,12.75,True,granada,Andalucía,0.0,-0.022,-0.022,0.276,37.1474408,-3.6042349
2017,u. de murcia,13.176,12.819,True,murcia,Murcia,0.0,0.13,0.044,0.357,37.99109245,-1.13010405
2017,u. complutense de madrid,12.871,12.871,True,madrid,C. Madrid,0.0,0.129,0.272,0.0,40.4437398,-3.72614639
2017,u. autónoma de madrid,13.11,12.96,True,madrid,C. Madrid,0.0,0.267,0.274,0.15,40.4832261,-3.6972262
2018,u. de las islas baleares,12.568,12.12,True,palma de mallorca,Islas Baleares,0.0,-0.176,0.008,0.448,39.60701435,2.64475448
2018,u. de lérida,12.264,12.128,True,lérida,Cataluña,0.0,-0.047,0.018,0.136,41.81636125,1.59713745
2018,u. rovira i virgili (reus),12.362,12.13,True,reus,Cataluña,0.0,0.016,0.05,0.232,41.155309,1.1053273
2018,u. de gerona,12.258,12.17,True,gerona,Cataluña,0.0,-0.052,0.03,0.088,41.9743792,2.8235429
2018,u. autónoma de barcelona,12.334,12.253,True,barcelona,Cataluña,0.0,-0.031,0.051,0.081,41.5025932,2.080056
2018,u. de cantabria (santander),12.68,12.324,True,santander,Cantabria,0.0,-0.028,0.141,0.356,43.4736983,-3.7859174
2018,u. del país vasco (lejona),12.407,12.332,True,bilbao,País Vasco,0.0,0.007,0.001,0.075,43.3359821,-2.9768285
2018,u. de santiago de compostela,12.531,12.34,True,santiago de compostela,Galicia,0.0,-0.044,0.054,0.191,42.88050025,-8.5457602
2018,u. de valladolid,12.606,12.37,True,valladolid,Castilla y León,0.0,0.041,0.16,0.236,41.6105937,-4.6916619
2018,u. de zaragoza (campus huesca),12.61,12.379,True,huesca,Aragón,0.0,0.021,0.078,0.231,42.1414059,-0.4060896
2018,u. de extremadura (badajoz),12.981,12.386,True,badajoz,Extremadura,0.0,0.075,0.15,0.595,38.8824069,-7.0194457
2018,u. de salamanca,12.668,12.386,True,salamanca,Castilla y León,0.0,0.013,0.065,0.282,40.9666432,-5.6772757
2018,u. pompeu fabra (barcelona),12.704,12.396,True,barcelona,Cataluña,0.0,-0.136,-0.026,0.308,41.37921475,2.17941527
2018,u. de c-la mancha (campus c.real),12.818,12.41,True,ciudad real,Castilla-La Mancha,0.0,0.073,0.045,0.408,38.9918372,-3.9268263
2018,u. de cádiz,12.801,12.451,True,cádiz,Andalucía,0.0,0.006,-0.032,0.35,36.5340199,-6.3018987
2018,u. de oviedo,12.828,12.456,True,oviedo,Asturias,0.0,-0.012,0.086,0.372,43.3533657,-5.8687712
2018,u. de barcelona-clínico,12.641,12.475,True,barcelona,Cataluña,0.0,0.002,0.113,0.166,41.39017434,2.15212588
2018,u. de la laguna,12.859,12.491,True,la laguna,Canarias,0.0,-0.072,-0.056,0.368,28.4852475,-16.3126059
2018,u. de zaragoza (campus zaragoza),12.732,12.511,True,zaragoza,Aragón,0.0,0.037,0.061,0.221,41.6421312,-0.90302271
2018,u. de córdoba,12.842,12.555,True,córdoba,Andalucía,0.0,-0.031,-0.068,0.287,37.8560421,-4.8134452
2018,u. de murcia,13.017,12.605,True,murcia,Murcia,0.0,-0.159,-0.214,0.412,37.99109245,-1.13010405
2018,u. de málaga,12.87,12.612,True,málaga,Andalucía,0.0,0.014,-0.019,0.258,36.7200431,-4.41617939
2018,u. de las palmas,12.859,12.625,True,las palmas,Canarias,0.0,-0.065,-0.031,0.234,28.09055808,-15.41890014
2018,u. jaume i,12.948,12.628,True,castellon de la plana,C. Valenciana,0.0,0.168,0.164,0.32,39.9899483,-0.0664218
2018,u. de granada,13.015,12.671,True,granada,Andalucía,0.0,-0.011,-0.079,0.344,37.1474408,-3.6042349
2018,u. de c-la mancha (campus albacete),12.918,12.674,True,albacete,Castilla-La Mancha,0.0,0.117,0.224,0.244,38.4527362,-2.05363374
2018,u. de sevilla,12.926,12.723,True,sevilla,Andalucía,0.0,0.005,-0.002,0.203,37.4128557,-5.9845606
2018,urjc - campus alcorcón,12.792,12.746,True,madrid,C. Madrid,0.0,-0.001,0.053,0.046,40.3506324,-3.8437926
2018,u. miguel hernández (s. juan de alicante),13.026,12.766,True,alicante,C. Valenciana,0.0,0.175,0.142,0.26,38.39896277,-0.43477806
2018,u. de alcalá,12.811,12.811,True,alcalá,C. Madrid,0.0,0.064,0.068,0.0,40.4818396,-3.3644973
2018,u. de valencia,13.058,12.812,True,valencia,C. Valenciana,0.0,0.068,0.148,0.246,39.4786642,-0.3627246
2018,u. autónoma de madrid,13.124,12.936,True,madrid,C. Madrid,0.0,0.014,-0.024,0.188,40.4832261,-3.6972262
2018,u. complutense de madrid,12.966,12.966,True,madrid,C. Madrid,0.0,0.095,0.095,0.0,40.4437398,-3.72614639
2019,u. de lérida,12.293,12.18,True,lérida,Cataluña,0.0,0.029,0.052,0.113,41.81636125,1.59713745
2019,u. rovira i virgili (reus),12.329,12.182,True,reus,Cataluña,0.0,-0.033,0.052,0.147,41.155309,1.1053273
2019,u. de gerona,12.275,12.197,True,gerona,Cataluña,0.0,0.017,0.027,0.078,41.9743792,2.8235429
2019,u. de las islas baleares,12.622,12.209,True,palma de mallorca,Islas Baleares,0.0,0.054,0.089,0.413,39.60701435,2.64475448
2019,u. autónoma de barcelona,12.314,12.3,True,barcelona,Cataluña,0.0,-0.02,0.047,0.014,41.5025932,2.080056
2019,u. de zaragoza (campus huesca),12.624,12.354,True,huesca,Aragón,0.0,0.014,-0.025,0.27,42.1414059,-0.4060896
2019,u. de cantabria (santander),12.734,12.355,True,santander,Cantabria,0.0,0.054,0.031,0.379,43.4736983,-3.7859174
2019,u. del país vasco (lejona),12.525,12.361,True,bilbao,País Vasco,0.0,0.118,0.029,0.164,43.3359821,-2.9768285
2019,u. jaume i,12.838,12.37,True,castellon de la plana,C. Valenciana,0.0,-0.11,-0.258,0.468,39.9899483,-0.0664218
2019,u. de santiago de compostela,12.575,12.408,True,santiago de compostela,Galicia,0.0,0.044,0.068,0.167,42.88050025,-8.5457602
2019,u. de salamanca,12.665,12.44,True,salamanca,Castilla y León,0.0,-0.003,0.054,0.225,40.9666432,-5.6772757
2019,u. de barcelona-clínico,12.546,12.458,True,barcelona,Cataluña,0.0,-0.095,-0.017,0.088,41.39017434,2.15212588
2019,u. de valladolid,12.636,12.476,True,valladolid,Castilla y León,0.0,0.03,0.106,0.16,41.6105937,-4.6916619
2019,u. de oviedo,12.79,12.487,True,oviedo,Asturias,0.0,-0.038,0.031,0.303,43.3533657,-5.8687712
2019,u. pompeu fabra (barcelona),12.648,12.494,True,barcelona,Cataluña,0.0,-0.056,0.098,0.154,41.37921475,2.17941527
2019,u. de las palmas,12.832,12.498,True,las palmas,Canarias,0.0,-0.027,-0.127,0.334,28.09055808,-15.41890014
2019,u. pública de navarra,12.707,12.5,True,navarra,Navarra,0.0,,,0.207,42.8154264,-1.65263107
2019,u. de valencia,13.018,12.509,True,valencia,C. Valenciana,0.0,-0.04,-0.303,0.509,39.4786642,-0.3627246
2019,u. de zaragoza (campus zaragoza),12.742,12.516,True,zaragoza,Aragón,0.0,0.01,0.005,0.226,41.6421312,-0.90302271
2019,u. de extremadura (badajoz),12.965,12.547,True,badajoz,Extremadura,0.0,-0.016,0.161,0.418,38.8824069,-7.0194457
2019,u. miguel hernández (s. juan de alicante),12.921,12.59,True,alicante,C. Valenciana,0.0,-0.105,-0.176,0.331,38.39896277,-0.43477806
2019,u. de murcia,13.013,12.644,True,murcia,Murcia,0.0,-0.004,0.039,0.369,37.99109245,-1.13010405
2019,u. de c-la mancha (campus albacete),12.975,12.668,True,albacete,Castilla-La Mancha,0.0,0.057,-0.006,0.307,38.4527362,-2.05363374
2019,u. de c-la mancha (campus c.real),12.87,12.679,True,ciudad real,Castilla-La Mancha,0.0,0.052,0.269,0.191,38.9918372,-3.9268263
2019,u. de la laguna,13.027,12.706,True,la laguna,Canarias,0.0,0.168,0.215,0.321,28.4852475,-16.3126059
2019,u. de cádiz,12.935,12.709,True,cádiz,Andalucía,0.0,0.134,0.258,0.226,36.5340199,-6.3018987
2019,u. de córdoba,12.97,12.791,True,córdoba,Andalucía,0.0,0.128,0.236,0.179,37.8560421,-4.8134452
2019,urjc - campus alcorcón,12.884,12.794,True,madrid,C. Madrid,0.0,0.092,0.048,0.09,40.3506324,-3.8437926
2019,u. de málaga,13.0,12.845,True,málaga,Andalucía,0.0,0.13,0.233,0.155,36.7200431,-4.41617939
2019,u. de sevilla,13.036,12.89,True,sevilla,Andalucía,0.0,0.11,0.167,0.146,37.4128557,-5.9845606
2019,u. de granada,13.14,12.904,True,granada,Andalucía,0.0,0.125,0.233,0.236,37.1474408,-3.6042349
2019,u. de alcalá,12.918,12.918,True,alcalá,C. Madrid,0.0,0.107,0.107,0.0,40.4818396,-3.3644973
2019,u. complutense de madrid,13.044,13.044,True,madrid,C. Madrid,0.0,0.078,0.078,0.0,40.4437398,-3.72614639
2019,u. autónoma de madrid,13.075,13.056,True,madrid,C. Madrid,0.0,-0.049,0.12,0.019,40.4832261,-3.6972262
2020,u. autónoma de madrid,13.426,13.345,True,madrid,C. Madrid,1.0,0.351,0.289,0.081,40.4832261,-3.6972262
2020,u. complutense de madrid,13.408,13.304,True,madrid,C. Madrid,1.0,0.364,0.26,0.104,40.4437398,-3.72614639
2020,u. de granada,13.5,13.27,True,granada,Andalucía,1.0,0.36,0.366,0.23,37.1474408,-3.6042349
2020,u. de sevilla,13.429,13.256,True,sevilla,Andalucía,1.0,0.393,0.366,0.173,37.4128557,-5.9845606
2020,u. de málaga,13.382,13.186,True,málaga,Andalucía,1.0,0.382,0.341,0.196,36.7200431,-4.41617939
2020,u. de murcia,13.442,13.152,True,murcia,Murcia,1.0,0.429,0.508,0.29,37.99109245,-1.13010405
2020,u. de alcalá,13.288,13.134,True,alcalá,C. Madrid,1.0,0.37,0.216,0.154,40.4818396,-3.3644973
2020,u. de córdoba,13.355,13.122,True,córdoba,Andalucía,1.0,0.385,0.331,0.233,37.8560421,-4.8134452
2020,urjc - campus alcorcón,13.257,13.1,True,madrid,C. Madrid,1.0,0.373,0.306,0.157,40.3506324,-3.8437926
2020,u. de cádiz,13.311,13.09,True,cádiz,Andalucía,1.0,0.376,0.381,0.221,36.5340199,-6.3018987
2020,u. de valencia,13.416,13.076,True,valencia,C. Valenciana,1.0,0.398,0.567,0.34,39.4786642,-0.3627246
2020,u. miguel hernández (s. juan de alicante),13.309,13.038,True,alicante,C. Valenciana,1.0,0.388,0.448,0.271,38.39896277,-0.43477806
2020,u. de c-la mancha (campus c.real),13.281,13.014,True,ciudad real,Castilla-La Mancha,1.0,0.411,0.335,0.267,38.9918372,-3.9268263
2020,u. de c-la mancha (campus albacete),13.28,12.991,True,albacete,Castilla-La Mancha,1.0,0.305,0.323,0.289,38.4527362,-2.05363374
2020,u. jaume i,13.256,12.962,True,castellon de la plana,C. Valenciana,1.0,0.418,0.592,0.294,39.9899483,-0.0664218
2020,u. de las palmas,13.078,12.951,True,las palmas,Canarias,1.0,0.246,0.453,0.127,28.09055808,-15.41890014
2020,u. pública de navarra,13.318,12.949,True,navarra,Navarra,1.0,0.611,0.449,0.369,42.8154264,-1.65263107
2020,u. de extremadura (badajoz),13.43,12.902,True,badajoz,Extremadura,1.0,0.465,0.355,0.528,38.8824069,-7.0194457
2020,u. de oviedo,13.42,12.898,True,oviedo,Asturias,1.0,0.63,0.411,0.522,43.3533657,-5.8687712
2020,u. de la laguna,13.196,12.85,True,la laguna,Canarias,1.0,0.169,0.144,0.346,28.4852475,-16.3126059
2020,u. del país vasco (lejona),12.871,12.823,True,bilbao,País Vasco,1.0,0.346,0.462,0.048,43.3359821,-2.9768285
2020,u. de santiago de compostela,13.031,12.748,True,santiago de compostela,Galicia,1.0,0.456,0.34,0.283,42.88050025,-8.5457602
2020,u. de zaragoza (campus zaragoza),13.15,12.735,True,zaragoza,Aragón,1.0,0.408,0.219,0.415,41.6421312,-0.90302271
2020,u. de cantabria (santander),13.242,12.727,True,santander,Cantabria,1.0,0.508,0.372,0.515,43.4736983,-3.7859174
2020,u. de zaragoza (campus huesca),13.062,12.719,True,huesca,Aragón,1.0,0.438,0.365,0.343,42.1414059,-0.4060896
2020,u. de salamanca,13.314,12.709,True,salamanca,Castilla y León,1.0,0.649,0.269,0.605,40.9666432,-5.6772757
2020,u. de valladolid,13.17,12.708,True,valladolid,Castilla y León,1.0,0.534,0.232,0.462,41.6105937,-4.6916619
2020,u. autónoma de barcelona,12.718,12.664,True,barcelona,Cataluña,1.0,0.404,0.364,0.054,41.5025932,2.080056
2020,u. de barcelona-bellvitge,12.99,12.66,True,barcelona,Cataluña,1.0,,,0.33,41.3507816,2.1045067
2020,u. de barcelona-clínico,13.135,12.659,True,barcelona,Cataluña,1.0,0.589,0.201,0.476,41.39017434,2.15212588
2020,u. de las islas baleares,13.106,12.636,True,palma de mallorca,Islas Baleares,1.0,0.484,0.427,0.47,39.60701435,2.64475448
2020,u. pompeu fabra (barcelona),13.042,12.598,True,barcelona,Cataluña,1.0,0.394,0.104,0.444,41.37921475,2.17941527
2020,u. de gerona,12.672,12.549,True,gerona,Cataluña,1.0,0.397,0.352,0.123,41.9743792,2.8235429
2020,u. rovira i virgili (reus),12.791,12.543,True,reus,Cataluña,1.0,0.462,0.361,0.248,41.155309,1.1053273
2020,u. de lérida,12.68,12.525,True,lérida,Cataluña,1.0,0.387,0.345,0.155,41.81636125,1.59713745
2021,u. complutense de madrid,13.5,13.426,True,madrid,C. Madrid,1.0,0.092,0.122,0.074,40.4437398,-3.72614639
2021,u. de sevilla,13.53,13.345,True,sevilla,Andalucía,1.0,0.101,0.089,0.185,37.4128557,-5.9845606
2021,u. de murcia,13.558,13.345,True,murcia,Murcia,1.0,0.116,0.193,0.213,37.99109245,-1.13010405
2021,u. de granada,13.58,13.319,True,granada,Andalucía,1.0,0.08,0.049,0.261,37.1474408,-3.6042349
2021,u. autónoma de madrid,13.463,13.309,True,madrid,C. Madrid,1.0,0.037,-0.036,0.154,40.4832261,-3.6972262
2021,u. de málaga,13.476,13.275,True,málaga,Andalucía,1.0,0.094,0.089,0.201,36.7200431,-4.41617939
2021,u. de córdoba,13.45,13.25,True,córdoba,Andalucía,1.0,0.095,0.128,0.2,37.8560421,-4.8134452
2021,u. de cádiz,13.43,13.232,True,cádiz,Andalucía,1.0,0.119,0.142,0.198,36.5340199,-6.3018987
2021,u. miguel hernández (s. juan de alicante),13.419,13.15,True,alicante,C. Valenciana,1.0,0.11,0.112,0.269,38.39896277,-0.43477806
2021,u. de c-la mancha (campus c.real),13.421,13.146,True,ciudad real,Castilla-La Mancha,1.0,0.14,0.132,0.275,38.9918372,-3.9268263
2021,u. de alcalá,13.357,13.133,True,alcalá,C. Madrid,1.0,0.069,-0.001,0.224,40.4818396,-3.3644973
2021,u. de valladolid,13.332,13.121,True,valladolid,Castilla y León,1.0,0.162,0.413,0.211,41.6105937,-4.6916619
2021,urjc - campus alcorcón,13.35,13.119,True,madrid,C. Madrid,1.0,0.093,0.019,0.231,40.3506324,-3.8437926
2021,u. de c-la mancha (campus albacete),13.406,13.107,True,albacete,Castilla-La Mancha,1.0,0.126,0.116,0.299,38.4527362,-2.05363374
2021,u. de extremadura (badajoz),13.45,13.1,True,badajoz,Extremadura,1.0,0.02,0.198,0.35,38.8824069,-7.0194457
2021,u. pública de navarra,13.247,13.086,True,navarra,Navarra,1.0,-0.071,0.137,0.161,42.8154264,-1.65263107
2021,u. de valencia,13.475,13.074,True,valencia,C. Valenciana,1.0,0.059,-0.002,0.401,39.4786642,-0.3627246
2021,u. jaume i,13.376,13.042,True,castellon de la plana,C. Valenciana,1.0,0.12,0.08,0.334,39.9899483,-0.0664218
2021,u. de zaragoza (campus zaragoza),13.299,13.031,True,zaragoza,Aragón,1.0,0.149,0.296,0.268,41.6421312,-0.90302271
2021,u. de barcelona-clínico,13.146,13.022,True,barcelona,Cataluña,1.0,0.011,0.363,0.124,41.39017434,2.15212588
2021,u. de la laguna,13.304,12.983,True,la laguna,Canarias,1.0,0.108,0.133,0.321,28.4852475,-16.3126059
2021,u. de las palmas,13.246,12.962,True,las palmas,Canarias,1.0,0.168,0.011,0.284,28.09055808,-15.41890014
2021,u. de salamanca,13.303,12.952,True,salamanca,Castilla y León,1.0,-0.011,0.243,0.351,40.9666432,-5.6772757
2021,u. de zaragoza (campus huesca),13.215,12.937,True,huesca,Aragón,1.0,0.153,0.218,0.278,42.1414059,-0.4060896
2021,u. de santiago de compostela,12.925,12.925,True,santiago de compostela,Galicia,1.0,-0.106,0.177,0.0,42.88050025,-8.5457602
2021,u. de oviedo,13.358,12.916,True,oviedo,Asturias,1.0,-0.062,0.018,0.442,43.3533657,-5.8687712
2021,u. de cantabria (santander),13.278,12.902,True,santander,Cantabria,1.0,0.036,0.175,0.376,43.4736983,-3.7859174
2021,u. de barcelona-bellvitge,12.988,12.878,True,barcelona,Cataluña,1.0,-0.002,0.218,0.11,41.3507816,2.1045067
2021,u. del país vasco (lejona),13.065,12.827,True,bilbao,País Vasco,1.0,0.194,0.004,0.238,43.3359821,-2.9768285
2021,u. de las islas baleares,13.225,12.76,True,palma de mallorca,Islas Baleares,1.0,0.119,0.124,0.465,39.60701435,2.64475448
2021,u. pompeu fabra (barcelona),13.098,12.758,True,barcelona,Cataluña,1.0,0.056,0.16,0.34,41.37921475,2.17941527
2021,u. autónoma de barcelona,12.828,12.751,True,barcelona,Cataluña,1.0,0.11,0.087,0.077,41.5025932,2.080056
2021,u. de gerona,12.774,12.717,True,gerona,Cataluña,1.0,0.102,0.168,0.057,41.9743792,2.8235429
2021,u. de lérida,12.799,12.711,True,lérida,Cataluña,1.0,0.119,0.186,0.088,41.81636125,1.59713745
2021,u. rovira i virgili (reus),12.852,12.708,True,reus,Cataluña,1.0,0.061,0.165,0.144,41.155309,1.1053273
2022,u. complutense de madrid,13.54,13.466,True,madrid,C. Madrid,1.0,0.04,0.04,0.074,40.4437398,-3.72614639
2022,u. de sevilla,13.552,13.367,True,sevilla,Andalucía,1.0,0.022,0.022,0.185,37.4128557,-5.9845606
2022,u. de murcia,13.57,13.357,True,murcia,Murcia,1.0,0.012,0.012,0.213,37.99109245,-1.13010405
2022,u. de granada,13.577,13.316,True,granada,Andalucía,1.0,-0.003,-0.003,0.261,37.1474408,-3.6042349
2022,u. autónoma de madrid,13.466,13.312,True,madrid,C. Madrid,1.0,0.003,0.003,0.154,40.4832261,-3.6972262
2022,u. de málaga,13.478,13.277,True,málaga,Andalucía,1.0,0.002,0.002,0.201,36.7200431,-4.41617939
2022,u. de córdoba,13.47,13.27,True,córdoba,Andalucía,1.0,0.02,0.02,0.2,37.8560421,-4.8134452
2022,u. de cádiz,13.453,13.255,True,cádiz,Andalucía,1.0,0.023,0.023,0.198,36.5340199,-6.3018987
2022,u. miguel hernández (s. juan de alicante),13.431,13.162,True,alicante,C. Valenciana,1.0,0.012,0.012,0.269,38.39896277,-0.43477806
2022,u. de c-la mancha (campus c.real),13.436,13.161,True,ciudad real,Castilla-La Mancha,1.0,0.015,0.015,0.275,38.9918372,-3.9268263
2022,u. de alcalá,13.413,13.189,True,alcalá,C. Madrid,1.0,0.056,0.056,0.224,40.4818396,-3.3644973
2022,u. de valladolid,13.325,13.114,True,valladolid,Castilla y León,1.0,-0.007,-0.007,0.211,41.6105937,-4.6916619
2022,urjc - campus alcorcón,13.379,13.148,True,madrid,C. Madrid,1.0,0.029,0.029,0.231,40.3506324,-3.8437926
2022,u. de c-la mancha (campus albacete),13.442,13.143,True,albacete,Castilla-La Mancha,1.0,0.036,0.036,0.299,38.4527362,-2.05363374
2022,u. de extremadura (badajoz),13.543,13.193,True,badajoz,Extremadura,1.0,0.093,0.093,0.35,38.8824069,-7.0194457
2022,u. pública de navarra,13.04,12.879,True,navarra,Navarra,1.0,-0.207,-0.207,0.161,42.8154264,-1.65263107
2022,u. de valencia,13.528,13.127,True,valencia,C. Valenciana,1.0,0.053,0.053,0.401,39.4786642,-0.3627246
2022,u. jaume i,13.393,13.059,True,castellon de la plana,C. Valenciana,1.0,0.017,0.017,0.334,39.9899483,-0.0664218
2022,u. de zaragoza (campus zaragoza),13.324,13.056,True,zaragoza,Aragón,1.0,0.025,0.025,0.268,41.6421312,-0.90302271
2022,u. de barcelona-clínico,13.24,13.116,True,barcelona,Cataluña,1.0,0.094,0.094,0.124,41.39017434,2.15212588
2022,u. de la laguna,13.327,13.006,True,la laguna,Canarias,1.0,0.023,0.023,0.321,28.4852475,-16.3126059
2022,u. de las palmas,13.21,12.926,True,las palmas,Canarias,1.0,-0.036,-0.036,0.284,28.09055808,-15.41890014
2022,u. de salamanca,13.385,13.034,True,salamanca,Castilla y León,1.0,0.082,0.082,0.351,40.9666432,-5.6772757
2022,u. de zaragoza (campus huesca),13.231,12.953,True,huesca,Aragón,1.0,0.016,0.016,0.278,42.1414059,-0.4060896
2022,u. de santiago de compostela,13.05,13.05,True,santiago de compostela,Galicia,1.0,0.125,0.125,0.0,42.88050025,-8.5457602
2022,u. de oviedo,13.418,12.976,True,oviedo,Asturias,1.0,0.06,0.06,0.442,43.3533657,-5.8687712
2022,u. de cantabria (santander),13.32,12.944,True,santander,Cantabria,1.0,0.042,0.042,0.376,43.4736983,-3.7859174
2022,u. de barcelona-bellvitge,12.986,12.876,True,barcelona,Cataluña,1.0,-0.002,-0.002,0.11,41.3507816,2.1045067
2022,u. del país vasco (lejona),13.008,12.77,True,bilbao,País Vasco,1.0,-0.057,-0.057,0.238,43.3359821,-2.9768285
2022,u. de las islas baleares,13.197,12.732,True,palma de mallorca,Islas Baleares,1.0,-0.028,-0.028,0.465,39.60701435,2.64475448
2022,u. pompeu fabra (barcelona),13.174,12.834,True,barcelona,Cataluña,1.0,0.076,0.076,0.34,41.37921475,2.17941527
2022,u. autónoma de barcelona,12.804,12.727,True,barcelona,Cataluña,1.0,-0.024,-0.024,0.077,41.5025932,2.080056
2022,u. de gerona,12.784,12.727,True,gerona,Cataluña,1.0,0.01,0.01,0.057,41.9743792,2.8235429
2022,u. de lérida,12.811,12.723,True,lérida,Cataluña,1.0,0.012,0.012,0.088,41.81636125,1.59713745
2022,u. rovira i virgili (reus),12.905,12.761,True,reus,Cataluña,1.0,0.053,0.053,0.144,41.155309,1.1053273
